Frequency (a),Average L2 Loss u,Average L2 Loss r
10.0,1.3575102922495228,1.0000003972729121
